right_arm,left_arm
7.070344820157548,7.070344820157548
34.85445556610366,32.00538320808349
63.78407247464617,57.45295279383221
98.19426333463021,103.10278994126247
134.6725991091556,147.56346939851835
