left_leg,right_leg
176.06210305103113,175.64189910205286
145.76253722314246,147.05025446221194
93.7808232964284,95.13612370232164
148.79995428410407,148.59649455456844
