left_leg,right_leg
177.687961,177.0335938
160.1219032,158.3598352
138.8921743,141.3669218
119.1301174,111.733061
93.45669288,94.85082386
